<?xml version="1.0" encoding="UTF-8"?>
<project-private xmlns="http://www.netbeans.org/ns/project-private/1">
    <editor-bookmarks xmlns="http://www.netbeans.org/ns/editor-bookmarks/2" lastBookmarkId="0"/>
    <open-files xmlns="http://www.netbeans.org/ns/projectui-open-files/2">
        <group>
            <file>file:/G:/Mi%20unidad/_demiras/_doc/___PDOO/2021_2022/teoria/fichas_clase_al_reves/material_adicional/Clase_09_Polimorfismo_Ligadura_Dinamica/caso_practico_domotico/codigo/Java/src/domotica/Domo.java</file>
            <file>file:/G:/Mi%20unidad/_demiras/_doc/___PDOO/2021_2022/teoria/fichas_clase_al_reves/material_adicional/Clase_09_Polimorfismo_Ligadura_Dinamica/caso_practico_domotico/codigo/Java/src/domotica/Main.java</file>
            <file>file:/G:/Mi%20unidad/_demiras/_doc/___PDOO/2021_2022/teoria/fichas_clase_al_reves/material_adicional/Clase_09_Polimorfismo_Ligadura_Dinamica/caso_practico_domotico/codigo/Java/src/domotica/Habitacion.java</file>
            <file>file:/G:/Mi%20unidad/_demiras/_doc/___PDOO/2021_2022/teoria/fichas_clase_al_reves/material_adicional/Clase_09_Polimorfismo_Ligadura_Dinamica/caso_practico_domotico/codigo/Java/src/domotica/Dormitorio.java</file>
            <file>file:/G:/Mi%20unidad/_demiras/_doc/___PDOO/2021_2022/teoria/fichas_clase_al_reves/material_adicional/Clase_09_Polimorfismo_Ligadura_Dinamica/caso_practico_domotico/codigo/Java/src/domotica/Lavabo.java</file>
        </group>
    </open-files>
</project-private>
