<?xml version="1.0" encoding="UTF-8"?>
<project-private xmlns="http://www.netbeans.org/ns/project-private/1">
    <editor-bookmarks xmlns="http://www.netbeans.org/ns/editor-bookmarks/2" lastBookmarkId="0"/>
    <open-files xmlns="http://www.netbeans.org/ns/projectui-open-files/2">
        <group>
            <file>file:/C:/Users/zoraidacallejas/ownCloud/PDOO_privada/Villanos%20-%20Java%20-%20DC/Esbirros/src/villanos/Paso.java</file>
            <file>file:/C:/Users/zoraidacallejas/ownCloud/PDOO_privada/Villanos%20-%20Java%20-%20DC/Esbirros/src/esbirros/Mayordomo.java</file>
            <file>file:/C:/Users/zoraidacallejas/ownCloud/PDOO_privada/Villanos%20-%20Java%20-%20DC/Esbirros/src/villanos/Plan.java</file>
            <file>file:/C:/Users/zoraidacallejas/ownCloud/PDOO_privada/Villanos%20-%20Java%20-%20DC/Esbirros/src/villanos/ObjetivoMaligno.java</file>
            <file>file:/C:/Users/zoraidacallejas/ownCloud/PDOO_privada/Villanos%20-%20Java%20-%20DC/Esbirros/src/villanos/Villano.java</file>
        </group>
    </open-files>
</project-private>
