<?xml version="1.0" encoding="UTF-8"?>
<project-private xmlns="http://www.netbeans.org/ns/project-private/1">
    <editor-bookmarks xmlns="http://www.netbeans.org/ns/editor-bookmarks/2" lastBookmarkId="0"/>
    <open-files xmlns="http://www.netbeans.org/ns/projectui-open-files/2">
        <group>
            <file>file:/C:/Users/zoraidacallejas/ownCloud/PDOO_privada/_Código/11_tr10-Java/EstudiantesCursos/src/estudiantescursos/Estudiante.java</file>
            <file>file:/C:/Users/zoraidacallejas/ownCloud/PDOO_privada/_Código/11_tr10-Java/EstudiantesCursos/src/estudiantescursos/EstudiantePrimaria.java</file>
            <file>file:/C:/Users/zoraidacallejas/ownCloud/PDOO_privada/_Código/11_tr10-Java/EstudiantesCursos/src/estudiantescursos/EstudianteSecundaria.java</file>
            <file>file:/C:/Users/zoraidacallejas/ownCloud/PDOO_privada/_Código/11_tr10-Java/EstudiantesCursos/src/estudiantescursos/Prueba.java</file>
            <file>file:/C:/Users/zoraidacallejas/ownCloud/PDOO_privada/_Código/11_tr10-Java/EstudiantesCursos/src/estudiantescursos/Curso.java</file>
        </group>
    </open-files>
</project-private>
