<?xml version="1.0" encoding="UTF-8"?>
<project-private xmlns="http://www.netbeans.org/ns/project-private/1">
    <editor-bookmarks xmlns="http://www.netbeans.org/ns/editor-bookmarks/2" lastBookmarkId="0"/>
    <open-files xmlns="http://www.netbeans.org/ns/projectui-open-files/2">
        <group>
            <file>file:/C:/Users/zoraidacallejas/ownCloud/PDOO_privada/Clase%2012/previo/CasoPracticoDomotico%20-%20Solucion/Java/src/domotica/LimpiezaEspecializada.java</file>
            <file>file:/C:/Users/zoraidacallejas/ownCloud/PDOO_privada/Clase%2012/previo/CasoPracticoDomotico%20-%20Solucion/Java/src/domotica/Domo.java</file>
            <file>file:/C:/Users/zoraidacallejas/ownCloud/PDOO_privada/Clase%2012/previo/CasoPracticoDomotico%20-%20Solucion/Java/src/domotica/Dormitorio.java</file>
            <file>file:/C:/Users/zoraidacallejas/ownCloud/PDOO_privada/Clase%2012/previo/CasoPracticoDomotico%20-%20Solucion/Java/src/domotica/Lavabo.java</file>
            <file>file:/C:/Users/zoraidacallejas/ownCloud/PDOO_privada/Clase%2012/previo/CasoPracticoDomotico%20-%20Solucion/Java/src/domotica/Main.java</file>
            <file>file:/C:/Users/zoraidacallejas/ownCloud/PDOO_privada/Clase%2012/previo/CasoPracticoDomotico%20-%20Solucion/Java/src/domotica/Habitacion.java</file>
        </group>
    </open-files>
</project-private>
