<?xml version="1.0" encoding="UTF-8"?>
<project-private xmlns="http://www.netbeans.org/ns/project-private/1">
    <editor-bookmarks xmlns="http://www.netbeans.org/ns/editor-bookmarks/2" lastBookmarkId="0"/>
    <open-files xmlns="http://www.netbeans.org/ns/projectui-open-files/2">
        <group>
            <file>file:/C:/Users/zoraidacallejas/ownCloud/PDOO_privada/_Código/Trenes%20-%20Java%20-%20DC/src/maquinaria/Asiento.java</file>
            <file>file:/C:/Users/zoraidacallejas/ownCloud/PDOO_privada/_Código/Trenes%20-%20Java%20-%20DC/src/GestionViajes/Estacion.java</file>
            <file>file:/C:/Users/zoraidacallejas/ownCloud/PDOO_privada/_Código/Trenes%20-%20Java%20-%20DC/src/maquinaria/Vagon.java</file>
            <file>file:/C:/Users/zoraidacallejas/ownCloud/PDOO_privada/_Código/Trenes%20-%20Java%20-%20DC/src/GestionViajes/Billete.java</file>
            <file>file:/C:/Users/zoraidacallejas/ownCloud/PDOO_privada/_Código/Trenes%20-%20Java%20-%20DC/src/GestionViajes/Parada.java</file>
            <file>file:/C:/Users/zoraidacallejas/ownCloud/PDOO_privada/_Código/Trenes%20-%20Java%20-%20DC/src/GestionViajes/GestorViajes.java</file>
            <file>file:/C:/Users/zoraidacallejas/ownCloud/PDOO_privada/_Código/Trenes%20-%20Java%20-%20DC/src/maquinaria/Maquina.java</file>
            <file>file:/C:/Users/zoraidacallejas/ownCloud/PDOO_privada/_Código/Trenes%20-%20Java%20-%20DC/src/GestionViajes/Tren.java</file>
            <file>file:/C:/Users/zoraidacallejas/ownCloud/PDOO_privada/_Código/Trenes%20-%20Java%20-%20DC/src/maquinaria/Convoy.java</file>
            <file>file:/C:/Users/zoraidacallejas/ownCloud/PDOO_privada/_Código/Trenes%20-%20Java%20-%20DC/src/GestionViajes/Pasajero.java</file>
        </group>
    </open-files>
</project-private>
