<?xml version="1.0" encoding="UTF-8"?>
<project-private xmlns="http://www.netbeans.org/ns/project-private/1">
    <editor-bookmarks xmlns="http://www.netbeans.org/ns/editor-bookmarks/2" lastBookmarkId="0"/>
    <open-files xmlns="http://www.netbeans.org/ns/projectui-open-files/2">
        <group>
            <file>file:/C:/Users/zoraidacallejas/ownCloud/PDOO_privada/_Código/06_tr13-Java/src/pkg06_tr13/Articulo.java</file>
            <file>file:/C:/Users/zoraidacallejas/ownCloud/PDOO_privada/_Código/06_tr13-Java/src/pkg06_tr13/Postor.java</file>
            <file>file:/C:/Users/zoraidacallejas/ownCloud/PDOO_privada/_Código/06_tr13-Java/src/pkg06_tr13/Paciente.java</file>
            <file>file:/C:/Users/zoraidacallejas/ownCloud/PDOO_privada/_Código/06_tr13-Java/src/pkg06_tr13/Persona.java</file>
            <file>file:/C:/Users/zoraidacallejas/ownCloud/PDOO_privada/_Código/06_tr13-Java/src/pkg06_tr13/Cita.java</file>
        </group>
    </open-files>
</project-private>
